{"cameraMode":{"drawMode":0,"name":"Shaded","section":"Shading Mode"},"sceneLighting":true,"audioPlay":false,"sceneViewState":{"showFog":true,"showMaterialUpdate":true,"showSkybox":true,"showFlares":true,"showImageEffects":true,"showParticleSystems":true},"in2DMode":false,"pivot":{"x":16.766498565673829,"y":0.5574666261672974,"z":4.149799346923828},"rotation":{"x":0.17550921440124513,"y":0.17761088907718659,"z":-0.032206129282712939,"w":0.9678014516830444},"size":9.071077346801758,"orthographic":true}