{"cameraMode":{"drawMode":0,"name":"Shaded","section":"Shading Mode"},"sceneLighting":true,"audioPlay":false,"sceneViewState":{"showFog":true,"showMaterialUpdate":true,"showSkybox":true,"showFlares":true,"showImageEffects":true,"showParticleSystems":true},"in2DMode":false,"pivot":{"x":21.824520111083986,"y":3.7724740505218508,"z":0.07679104804992676},"rotation":{"x":0.14267736673355103,"y":0.24776944518089295,"z":-0.036871060729026797,"w":0.9575845003128052},"size":15.502931594848633,"orthographic":true}