{"cameraMode":{"drawMode":0,"name":"Shaded","section":"Shading Mode"},"sceneLighting":false,"audioPlay":false,"sceneViewState":{"showFog":true,"showMaterialUpdate":false,"showSkybox":false,"showFlares":true,"showImageEffects":true,"showParticleSystems":true},"in2DMode":false,"pivot":{"x":23.63051986694336,"y":-0.42296966910362246,"z":0.1906994879245758},"rotation":{"x":0.2853223383426666,"y":0.2931198477745056,"z":-0.0921158641576767,"w":0.907875120639801},"size":12.987735748291016,"orthographic":true}