{"cameraMode":{"drawMode":0,"name":"Shaded","section":"Shading Mode"},"sceneLighting":false,"audioPlay":false,"sceneViewState":{"showFog":true,"showMaterialUpdate":false,"showSkybox":false,"showFlares":true,"showImageEffects":true,"showParticleSystems":true},"in2DMode":false,"pivot":{"x":11.535721778869629,"y":9.476966857910157,"z":7.213316440582275},"rotation":{"x":0.17164768278598786,"y":-0.6632238626480103,"z":0.16019487380981446,"w":0.7106417417526245},"size":10.0,"orthographic":true}