{"cameraMode":{"drawMode":0,"name":"Shaded","section":"Shading Mode"},"sceneLighting":false,"audioPlay":false,"sceneViewState":{"showFog":true,"showMaterialUpdate":true,"showSkybox":false,"showFlares":true,"showImageEffects":true,"showParticleSystems":true},"in2DMode":false,"pivot":{"x":0.0,"y":1.0399999618530274,"z":12.66615104675293},"rotation":{"x":0.35510367155075076,"y":0.2714913785457611,"z":-0.1084963008761406,"w":0.8879877328872681},"size":1.3667598962783814,"orthographic":true}