{"cameraMode":{"drawMode":0,"name":"Shaded","section":"Shading Mode"},"sceneLighting":true,"audioPlay":false,"sceneViewState":{"showFog":true,"showMaterialUpdate":false,"showSkybox":true,"showFlares":true,"showImageEffects":true,"showParticleSystems":true},"in2DMode":false,"pivot":{"x":-5.226224899291992,"y":-2.2853708267211916,"z":2.574976921081543},"rotation":{"x":-0.31322091817855837,"y":0.6147410869598389,"z":-0.2903929352760315,"w":-0.6630672216415405},"size":18.188426971435548,"orthographic":false}